Title,Company,Location,Summary,Date_Posted,Easily_Apply?,URL
Full Stack Developer,The Powerline Group,remote,  Production application experience with any JS application framework (React  Angular  Ember  Backbone  etc.). Knowledge and experience with Node.js.,30+ days ago,false,https://www.indeed.com/viewjob?jk=470c00aa06f17d0d&fccid=9df1e83adac21eb3&vjs=3
Software Engineer II (React),Fearless,remote,  Experience with Go  Java 8+ (w/Spring)  React  Javascript ES6+  Ruby on Rails  or other similar languages/frameworks. Travel may be required 1 time per month.,Just posted,true,https://www.indeed.com/viewjob?jk=358bd6238ce42b5a&fccid=b8aaf191c532bb48&vjs=3
Software Engineer II (Python),Fearless,remote,  Experience with Go  Java 8+ (w/Spring)  React  Javascript ES6+  Ruby on Rails  or other similar languages/frameworks. Travel may be required 1 time per month.,Just posted,true,https://www.indeed.com/viewjob?jk=2185a06517e097fd&fccid=b8aaf191c532bb48&vjs=3
Remote Ruby on Rails Lending Automation Developer,Shastic,remote,  Ruby on Rails: 5 years (Required). We use tools like CodeBuild and CodePipeline to streamline and automate deployments and CloudWatch to see what’s going on…,Today,true,https://www.indeed.com/company/SHASTIC-INC/jobs/Remote-Ruby-Rail-Lending-Automation-Developer-b6aaafe1eb1d977c?fccid=92b0338ab0beaaf4&vjs=3
Remote Ruby on Rails Developer (Lending Automation),Shastic,remote,  Ruby on Rails: 5 years (Required). We use tools like CodeBuild and CodePipeline to streamline and automate deployments and CloudWatch to see what’s going on…,Today,true,https://www.indeed.com/company/SHASTIC-INC/jobs/Remote-Ruby-Rail-Developer-da35e2c515fec96a?fccid=92b0338ab0beaaf4&vjs=3
Software Engineer,CyberCoders,remote,  No limit on paid vacation days (within reason). Full medical  dental  and vision insurance (99% company-paid). Life and AD&D (100% company-paid).,Today,true,https://www.indeed.com/pagead/clk?mo=r&ad=-6NYlbfkN0CpFJQzrgRR8WqXWK1qKKEqALWJw739KlKqr2H-MSI4eh4ZOxqVaUrhNSyjVEAq5t4tQoanLOD0DTA6oPLm_ATimGHLCsqy5RBwdyaFTCkQMdlK3aNsDNVcwJwYIXFLGDF0YwI5YvUFpx9cOsNIgNT9yUZPBcZRWeTD2S2Ghg2Zsk78Jj5niQwiXHnEMTu_LgAISmgbkIbFwFD2nP7DeOOWDXeU5XWJxiisto-7fxIKzUMkBcxhGxEggRM9X-h3Jz2jbTU0AIAs7vpb9zVpp5pu7NbDtnktmhnj9Ljdu9-gF8IWPFTyljmug9XdfbBwhv4WgUaG_vFqX5kXhzIfEkOIbbQ-x9JsOJxuBOCMRxt9rdJUuqdDxb2fxQZZAD7K9xRGCL2dtNYtHyMzr1UmZAGSggZppK5x9ef3nq1-qZhj9dg-eBr_BvSWV5VCJp1sCK6GrHFTP78cmwJ7jX_zOhGUP8vYYAw8433jwSWKVCvQzCuZxdCjR4JNXuEKx1S533UXK2NlnxxyNr-JAmVOCwVeU6AvN8-rstQZfIQtXBQ_8O8WXfDdG5ZrDxXdKs7F5XtDdiN1QdsbvWC7yr5OcogvW0WCpr6t_72hb4tW8uPSitedfM7WRumAD-w8glia4OCeo_N2klfsIRvV32QRadNYaptlPUXY0UgUHJIw5R-D1XiVHtb4hEERfyzZFz9ygLsIpl6iJHXr-VwmugdkK0VNf4SwaG93HCBPYj4Sg0a8TLwfzLJNxW91gbHCEM0-JSi49tS26Zy7K7VJTxPynIY2SCF3hyubtqL2yq7qEnBapkGe-pslNzuHh2UgalyBgpAHwAMSatIKsWOi1K8dyyH21jnJHUE_brpjLrKXaAi2rF_u-j5ZbtrnczMwCqeQsAivinZAZWNvPFDJSb9EJyBHMxqEtkC7K9GGzbaOalibIqikoa6uN9tunaEKqWaFdC4=&p=5&fvj=0&vjs=3
Database Assistant,Johns Hopkins University,remote,  Previous experience using MySQL  Ruby on Rails  or other database interface programming language such as Python and/or Linux operating system.,Today,false,https://www.indeed.com/viewjob?jk=ec632684b51e8d2f&fccid=f34acbd24dd4fcb0&vjs=3
Mobile React Native Engineer (REMOTE),CyberCoders,remote,  You'll be working alongside our lead and 2 junior engineers writing clean code and releasing apps to Store  so we're looking for someone who can hit the ground…,Today,true,https://www.indeed.com/pagead/clk?mo=r&ad=-6NYlbfkN0CpFJQzrgRR8WqXWK1qKKEqALWJw739KlKqr2H-MSI4eh4ZOxqVaUrhNSyjVEAq5t4-jFGrdRMmJBhQmXkilnpAypBEL-sIznrCF2qHeaceVrfi1i9Sm0CjftuK6kj6aheQa71yOzjSgfcgwIBF6ojOmWYcctk2pah-benwPJ0ciDzqqA69F9MrWWT45SuEbPUHNUMRLmOZcQEp5NRnqg4d7ENRyLsKlErT9a4EoW8C-R3P4noQ3ckCs5Na5rk7kn7XPMKzWGrJOqPbvbEQudmlscug5xSjowD4S40VV2NdPKuY3El012R1dXZLhUu0vQu-CjrW7Zntw9ZyaeeaODwy_dz5YDaigBcOuHnkz6RQvoLoAD7TA_lRpk19slt-E1CyhEb3G4T0GkqxeS4wvA3wR4LzN2pkTHugiorBUGnGg7m6BkQfqZWy4OowjuBgXAA676-WGTetdUPHooHJUJ_4uf7U4-NSU42gUEvBSKWUU1uRNN_OIzEZGdWKys_DpPhlynmLD5r0UDOyoHoegNr51YuZv1-4dofo962u1EeMmQcEgvnor3BARF-3Pbj86n38ZGYEvlrWDAsBIgJy9iYG3gY9PIDHO9JPkQuoc6Djdy7pvfA2qdeJhLub0-MovEAB4Dw4COuw28uxVtI8a0-6WDYc5k9fSvF89q9_6EzFERCM-uejZ4sYuxSvxY-HDNEnxGQ5Z7Ig4fYnyNaEuhk8q3kX30y29c82Aku_XHiP5C4hqyHlDkZPpDmYSCLnBpX0R6kTTWSWgD73SvWzSx4nybx7CziPoLbvAwSoiXfJR98IaeJgJA04LYLZhSVt6ihRFDrrEhv4qei2R7XDbJ_wDm_CZCKMTwYoLzDlhiO-x679l_fcYy4gJf_iYCx_vVc0T6k2IwDHOsK1Wr3iJ_-f_77_Xin35wOVW0ya7L1sWWgl_TjByFCm64R2vqDb-p8=&p=7&fvj=0&vjs=3
Site Reliability Engineer,Lessonly,remote,  Experience building web applications in Ruby on Rails. Specifically  a love for Ruby on Rails  AWS  and automation will take you a long way!,1 day ago,false,https://www.indeed.com/viewjob?jk=8a20ee39847d08e9&fccid=2ad439c5f81e6556&vjs=3
Web Developer,Adler Planetarium,remote,  Have experience with web application frameworks (like Ruby on Rails  Django  etc.). Have experience contributing to a variety of software-development tasks and…,2 days ago,false,https://www.indeed.com/viewjob?jk=512c2e8a505aa8dd&fccid=20f0611b77f906b5&vjs=3
Frontend Engineer,Yardstik  Inc,remote,  Exposure to Ruby on Rails. To be successful in this role  you will need to work with your teammates to deliver well tested  and documented software on time.,2 days ago,false,https://www.indeed.com/viewjob?jk=72aba3c170b28b49&fccid=aef3cbdff0de87af&vjs=3
Senior Ruby on Rails Contractor,OMBULABS SOFTWARE BOUTIQUE,remote,  Join in on daily calls as needed. Join in on daily calls as needed. At least 1 year of experience on web development. Coach and pair with Junior Developers.,2 days ago,false,https://www.indeed.com/viewjob?jk=13099d221958312f&fccid=574d0752e63b42e2&vjs=3
Junior/Mid Ruby on Rails Developer,CyberCoders,remote,  Option for REMOTE work or on-site in Stamford  CT or Dana Point  CA. Develop web applications including planning  coding  testing  debugging  and deploying in…,3 days ago,true,https://www.indeed.com/pagead/clk?mo=r&ad=-6NYlbfkN0CpFJQzrgRR8WqXWK1qKKEqALWJw739KlKqr2H-MSI4eh4ZOxqVaUrhNSyjVEAq5t7dCBVpB_DeQjrGhqPg3jAwmsS7iseENlQpLHB6fQbZiTTdAIOa_ka_FO-hDrMtNkK35KRxvugCfLeE4ScvyLqqbGkIA13aP70iSyO7lytzfSfUC9xZoIJclwetRBqD92qJhR8ZC8_mVkLkFjfu_8035kGXdkhvAlPRnizzeIl5k3MuMHO-epWlzBD_R8ha405E3qSiKrLKAeP2AD6ziLQpvJ1Uh_aaaM2Zk2uugpmbQ6vfpwULKmgxZ9SE1VAXQhBVaBdpJMEGD5UZpvnQodriE-fBJpMs1WDMYi08UYJBRt9J7HPDE-I5qaka_Tb7xeYPwKJAnhAGWGLjLkOHlNhMCRpOQcKo-AxPoQaPs5WELAkqRasSN1pJFGRRnIBQkcnk8qHSQzQWyI2KJy2pu1SIzENNzRkLIw227N_o0E7sXwKb5iH8QtxsK847pO7zMKuzmkc5GI6B8Oc5PktwRZK8hwWMGmPWKz4aWsMXmX5DjB9YUPLPyGiFdwN0hl0OIOx32tDcq23IJRk9XrUOrijh5mgrU_s_Mgz1zdsB2fZam7F5idRBBvNkGRmz0D3xKX-aOoEh7-Ee25deDwIeRGil2YM2GO_kuIPT_U-Ia0K41Hu8-ToKdleKlaPvlGR40pwhbenlM3xZLT3ZM8MFN0dOZHDmd4jxn0ftNLlMsIqm5RFS5AzEbl0PhFw2LYJ6K3gAdIKb1X77fGvEYAyhMKaWZx_fH2rv-QZFVAKpemiAqgVzJLb4lrjAwXx0A4BHlKhaTcVxTMyrBkSF5Q8V8_m1OPn0okpygCqbeP50pmmzfVztn0Pn-MfdiQ6kCDkfKoLXUcmCXtgo-M23isVMuGUqcXJ_GKWkvtycdcHUPeBzgHKeTConIaDhtN-nQya5UV8=&p=12&fvj=0&vjs=3
Ruby on Rails Developer - Remote,AdamsGabbert,remote,  Coordinate with team members who work on different layers of infrastructure. Work on multiple projects at one time contributing from design to deployment…,4 days ago,true,https://www.indeed.com/viewjob?jk=eb59e865a7097ffe&fccid=ca67e9b0ef75f5b9&vjs=3
Front End React Developer,CyberCoders,remote,  Experience with Ruby on Rails. Experience working on a SaaS platform. Help define and build new features or applications based on technology and business needs.,4 days ago,true,https://www.indeed.com/pagead/clk?mo=r&ad=-6NYlbfkN0CpFJQzrgRR8WqXWK1qKKEqALWJw739KlKqr2H-MSI4eh4ZOxqVaUrhNSyjVEAq5t4Pn7h21T4jgDbxVsY7c8EhXXD0RgV9iNgXzOHl5LycazKhGrOqda1BC_UjEy9XGHQOOXHvQUhrPmgnfqO4ULBWb_9O6p3tujw-yRIeMQ4ehYulyRDtnj7-S1hES8tvoyG6H1NB3J95PzFNrxwE12aOw9XvtoJGrlz9axPEBSKkl9NkE69n-Qk1LuA6QByO_EaPTqwqUChE-V71Sj4VzWmzPXB0OXAIS-21wSHvSLaFkM3N7SDjeoHr1bxafO4zHslaPfYBWHvPGLlU0eU_WDik_FXusDDEArsWNJhLeSid8HiW2Os-a742m8Q4bPjh9EkImKUUDc5TdzQjcIvMQ2g4h_CEQC6F-4bcJbArwNMTE0HAWD6byoQoVxpYxWdsjrkpjcGznVkaiuBfOh-ZxBjFjg1pXc_qIlDPNmyjLk6bgVJ3DyIsfa9aI4HMQvD8ei_u6DE0pJn2XbRS1hApWsSQ4SOgKloT9eNRwR5xegwTr9YLbTd4XCzlF-DV6nffiK4cS3dIQwZ1E07MceZTvalBGR-0DPXEJDlmPCh0E9H0udk6M3A__h-j9oWZGT4rIHXvvUFzS1K4HdFWDDwVGhI0BQmZGSRLANNf76pPe5wnf9zxdoR3b8a_62Y2CynESgzwN6QoqrB9SGY3I61mKKEZ8DapdCR6-xq1xQz3UhPVWOGMTkoWmWFQ8MXEb9cMdw5gIM-aSs-lYv-DeGRe6mTOJt49Ok8-l3f4-YeqoL-FOpTN6wv22T9jFCTdyYfsRKxn7zdsmXgcI3fS2Zk9qMEHBRcNMv0sMsrDlMNn7q8e7Dy6jOLese_6aM4sizDswYfDHLrUfbsxukuteCz7ZCjzUhAhf-WHa4h_OsSNV4GW0YDOAFMOa9ykRrn7XEQX_Wg=&p=14&fvj=0&vjs=3
Full Stack Engineer,Kaplan,remote,  Development of new features on the back-end and front-end of our medical simulation system. You know JavaScript and React and have experience with Java and may…,4 days ago,false,https://www.indeed.com/viewjob?jk=2b5b4a79bdf7a690&fccid=4ffdd90de5b0ef8f&vjs=3
Mid Software Engineer (Ruby on Rails),Two Barrels,remote,  If you have solid software engineering experience in a different language  we have a path to this mid level software engineer role by coming on board as a…,10 days ago,true,https://www.indeed.com/company/Two-Barrels/jobs/Mid-Software-Engineer-9a4852ee27c4d76a?fccid=1a040c8f02784ce0&vjs=3
Ruby on Rails Lending Automation Developer  Remote,Shastic,remote,  Ruby on Rails: 5 years (Required). We use tools like CodeBuild and CodePipeline to streamline and automate deployments and CloudWatch to see what’s going on…,7 days ago,true,https://www.indeed.com/company/SHASTIC-INC/jobs/Ruby-Rail-Lending-Automation-Developer-e4f218bd70a6d269?fccid=92b0338ab0beaaf4&vjs=3
Engineering Manager,Guild Education,remote,  Assist your squads as they build solutions based on technologies like React  Ruby on Rails  TypeScript  and AWS Lambda.,7 days ago,false,https://www.indeed.com/viewjob?jk=fd893bb4b9e3eb4b&fccid=3f0a6a58dbd601f2&vjs=3
Ruby on Rails Remote Developer  Lending Automation,Shastic,remote,  Ruby on Rails: 5 years (Required). We use tools like CodeBuild and CodePipeline to streamline and automate deployments and CloudWatch to see what’s going on…,7 days ago,true,https://www.indeed.com/company/SHASTIC-INC/jobs/Ruby-Rail-Remote-Developer-18ce037241fd38ef?fccid=92b0338ab0beaaf4&vjs=3
Junior Solutions Engineer,Torch,remote,  Experience working on the Linux command line preferred. Ability to think on your feet with quick problem-solving skills sometimes during a live demo.,10 days ago,false,https://www.indeed.com/viewjob?jk=f2e447e542821fcf&fccid=c34bae1a0c7ae629&vjs=3
Frontend Engineer,Yardstik,remote,  Exposure to Ruby on Rails. To be successful in this role  you will need to work with your teammates to deliver well tested  and documented software on time.,13 days ago,true,https://www.indeed.com/viewjob?jk=9661e97a70e1cae3&fccid=aef3cbdff0de87af&vjs=3
Software Developer,CoverMyMeds,remote,  We hire from all tech stacks and training’s on us). They will spend 30-40 minutes live on each exercise with you.,10 days ago,true,https://www.indeed.com/viewjob?jk=7ad4dc5c4e2f09b7&fccid=ccecd557044fc03d&vjs=3
Senior Full Stack Engineer - Remote,ProductPlan,remote,  Work on a small  product-focused team of 3-4 engineers; that will build innovative customer experiences. Contribute to our full stack web application  crafted…,10 days ago,true,https://www.indeed.com/viewjob?jk=a5e976bb3928ad62&fccid=b872f4aafb54c487&vjs=3
DevOps Engineer,Simplero,remote,  Partition our user base so customers are served from the relevant data center depending on their region. We're currently using RDS  ElasticCache  ElasticSearch …,9 days ago,false,https://www.indeed.com/viewjob?jk=05c4ff76111e5985&fccid=8b1e027f01a8e60a&vjs=3
Ruby on Rails Developer,Ascent Solutions,remote,  Ruby on Rails Developer with 5-7 yrs of experience. Job Types: Full-time  Contract.,15 days ago,true,https://www.indeed.com/company/Ascent-Solutions/jobs/Ruby-Rail-Developer-d8e96de257e99f89?fccid=bc3c1f4ac5cc8ebe&vjs=3
Lead Software Engineer (Ruby on Rails) - Multi Channel Comme...,GoDaddy,remote,  Experience developing applications on AWS. Work collaboratively on a team distributed across several time zones. Constantly learn  grow  and improve.,14 days ago,false,https://www.indeed.com/viewjob?jk=baf7306e82065e4a&fccid=1d223a639e0206ab&vjs=3
Ruby on Rails Developer [Remote],thoughtbot,remote,  Thoughtbot web developers are able to build high-quality  test-driven applications with Ruby on Rails. You'll work with other thoughtbot teammates (and often …,18 days ago,true,https://www.indeed.com/viewjob?jk=b0bed82bd54c480a&fccid=51a57c3eb5f73ece&vjs=3
Software Developer I,HSI,remote,  In the beginning of your time at HSI  you will probably focus on smaller tasks  and work closely with other members of the team.,16 days ago,false,https://www.indeed.com/viewjob?jk=f91ae0d92e550f49&fccid=f30385b0b392d809&vjs=3
Associate Web Developer - Rails / React,Rhabit Analytics  Inc.,remote,  Ruby on Rails: 1 year (Required). You enjoy working with a small team and having direct input on decisions. You may be at the early stages of your career  but…,17 days ago,true,https://www.indeed.com/company/Rhabit-Analytics,-Inc./jobs/Associate-Web-Developer-3f974a06e455ccf4?fccid=89525f52fd9ab4ad&vjs=3
Junior Software Engineer  Lantern,Drizly,remote,  You’ll also have the opportunity to flex your knowledge of ruby on rails to write backend supporting code. In this Junior Software Engineer role you will be an…,22 days ago,false,https://www.indeed.com/viewjob?jk=f0e7038de5fe6e12&fccid=fdad66d94e27b02a&vjs=3
Software Engineer,Heritage Associates,remote,  Experience in Ruby on Rails. Responsibility also includes deploying and maintaining applications on Digital Ocean and WP Engine  so DevOps experience on these…,26 days ago,true,https://www.indeed.com/viewjob?jk=bf7d454f29168e19&fccid=0003642f9ec426d8&vjs=3
Software Engineer,Cache Ventures,remote,  Ruby on Rails (Rails 6). Well versed in Ruby on Rails and NoSQL database technologies  like MongoDB and Redis. Base Salary + Cache Rewards.,23 days ago,true,https://www.indeed.com/viewjob?jk=cfdca9ec7de060d3&fccid=a421556431fe0644&vjs=3
Software Engineer,eSpark Learning,remote,  Provide perspective on team practices. Build impactful and substantial new features based on well-defined product specs.,30+ days ago,false,https://www.indeed.com/viewjob?jk=cc18960f99acdee0&fccid=7982eef8d1c8f555&vjs=3
Software Engineer (Ruby on Rails  React),Torch,remote,  Server-side programming skills with a modern language  preferably Ruby on Rails - Python  Java  or C# a plus. Collaborate with product teams to design and build…,30+ days ago,false,https://www.indeed.com/viewjob?jk=32d466a57134f7b1&fccid=c34bae1a0c7ae629&vjs=3
Senior Software Engineer,eSpark Learning,remote,  One researcher from MIT  who evaluated an eSpark in Boston Public Schools  wrote: “I find strong positive  significant effects of eSpark for both math and…,30+ days ago,false,https://www.indeed.com/viewjob?jk=013a258e98edc40d&fccid=7982eef8d1c8f555&vjs=3
Full Stack Engineer,Torch,remote,  Server-side programming skills with a modern language  preferably Ruby on Rails - Python  Java  or C# a plus. Collaborate with product teams to design and build…,30+ days ago,false,https://www.indeed.com/viewjob?jk=b521f2bd97bc1bf9&fccid=c34bae1a0c7ae629&vjs=3
Rails Developer,Ann Arbor T-shirt Company,remote,  1+ years Ruby on Rails experience. We're looking for a developer who's focused on solving the problems of our team. Rails development: 1 year (Preferred).,28 days ago,true,https://www.indeed.com/company/Ann-Arbor-T--shirt-Company/jobs/Rail-Developer-646f0b4fed5b2a73?fccid=8e5e38f4685994c4&vjs=3
Elixir Developer,Tiltify,remote,  Experience working with Ruby/Ruby on Rails or Elixir/Phoenix. Passion for using technology to improve online fundraising.,30+ days ago,false,https://www.indeed.com/viewjob?jk=a9d2aeddefc1bc84&fccid=591ad75bb42e030e&vjs=3
Lead Full-Stack Rails Developer,SuperCat Solutions,remote,  Strong Ruby on Rails experience and skills. On call—Be on-call to handle system incidents and critical support issues. Migrate our system to AWS from Rackspace.,30+ days ago,false,https://www.indeed.com/viewjob?jk=4a47acb381815024&fccid=b1e4b43d8d1756ca&vjs=3
DevOps Engineer,DADESYSTEMS,remote,  Salary will be based on experience. Experience supporting a large  enterprise Ruby on Rails application. Full Time // Miami  FL or Remote.,30+ days ago,false,https://www.indeed.com/viewjob?jk=53828b4dc45dd16f&fccid=183261794139daf0&vjs=3
Software Engineer,Tech Dynamism,remote,  Provide recommendations on technology  frameworks and languages. Provide input to Project Manager on estimating technical work.,30+ days ago,false,https://www.indeed.com/viewjob?jk=7ea765646e239816&fccid=5de0efd79e50dd4c&vjs=3
Software Engineering Internship - Katello and Foreman,Red Hat Software,remote,  Previous code contributions to or participation in open source projects or code samples on GitHub. Familiarity with Ruby  Ruby on Rails  JavaScript  React.js …,30+ days ago,false,https://www.indeed.com/viewjob?jk=c9ceb43bd34e5723&fccid=e24a60f01d1882d1&vjs=3
Frontend & Full Stack Engineer,CartKit,remote,  Bonus: You're fluent with Typescript  NodeJS  Postgres  Elasticsearch  Ruby on Rails  VueJS  React. You'll build new products and features from start to finish.,30+ days ago,false,https://www.indeed.com/viewjob?jk=b24e3cda7342e998&fccid=54bfd0939d3ec1cd&vjs=3
Software Engineer - Front End,IZEA,remote,  All of IZEA's code is source controlled on Github. In order to develop for IZEAx  you need to run it on your laptop. 1+ years of web development experience.,30+ days ago,true,https://www.indeed.com/viewjob?jk=f9bd943e20570b3b&fccid=909f58e22d4e0462&vjs=3
Lead Full-Stack Developer  Software Architect,Equisolve,remote,  Accomplished in Ruby on Rails and a solid understanding of modern javascript frameworks; should be able to write and review code in both languages.,30+ days ago,true,https://www.indeed.com/viewjob?jk=9ebff16ebac227a1&fccid=bf2b7648b14ad8b9&vjs=3
QA Engineer,Food52,remote,  Perform tests in close collaboration with Product Managers to align on readiness and prioritization. Perform manual feature and regression testing on Food52.com…,30+ days ago,false,https://www.indeed.com/viewjob?jk=d1c15d09e4e6b203&fccid=fb1a5b18740bdea2&vjs=3
Engineer  Full Stack,Genius Media Group,remote,  Join on-call rotation to respond to urgent bugs or outages. The best candidates will have professional experience on a web stack serving millions of users  will…,30+ days ago,false,https://www.indeed.com/viewjob?jk=3884772194b155bf&fccid=bb9bca61005b75cb&vjs=3
Lead Cloud and SRE Engineer,Bold Penguin,remote,  Proficiency in several different programming languages (Ruby on Rails  Javascript). Spend a good deal of time on software development (the “dev” part of DevOps!…,30+ days ago,false,https://www.indeed.com/viewjob?jk=5e39725d37979dd0&fccid=7312646c6aa4b1ee&vjs=3
Full Stack Engineer,Vesta Home,remote,  Our current stack is Ruby on Rails  PostgreSQL  Heroku  AWS and iOS. Deep familiarity with Ruby on Rails  Heroku  AWS  version control  and iOS.,30+ days ago,true,https://www.indeed.com/viewjob?jk=1cc0feb4fced5de2&fccid=37f17edee1e649f0&vjs=3
Ruby on Rails Developer,TurboSquid,remote,  Some projects you may be working on: Advanced knowledge and experience in Ruby on Rails. TurboSquid is looking for a Full Stack Ruby on Rails Developer.,30+ days ago,false,https://www.indeed.com/viewjob?jk=f20fcef68a0ea720&fccid=3f740654c4e85d6d&vjs=3
Full-Stack Software Engineer Intern,VALUENEX Inc.,remote,  Work with data scientists to implement algorithms and prototypes on the front-end. Experience with Ruby  Ruby on Rails  JavaScript build tools  and modern…,30+ days ago,true,https://www.indeed.com/company/VALUENEX-Inc./jobs/Full-Stack-Software-Engineer-Intern-ad3ffd74769fc107?fccid=d41f8648e2316271&vjs=3
Ruby on Rails Engineer,Aha Labs Inc.,remote,  Working proactively with product and UX to refine and iterate on specifications as the feature takes shape. We are centered around North American time zones so…,30+ days ago,false,https://www.indeed.com/viewjob?jk=ba9cc1a39be7412e&fccid=310832c01f500556&vjs=3
Lead Ruby on Rails Engineer,Aha Labs Inc.,remote,  Working proactively with product and UX to refine and iterate on specifications as the feature takes shape. We are centered around North American time zones so…,30+ days ago,false,https://www.indeed.com/viewjob?jk=c9b3f3838117b02f&fccid=310832c01f500556&vjs=3
Programmer 2,University of Miami,remote,  We collaborate closely with people across all library departments from our home on the third floor of the Richter Library on the Coral Gables campus.,30+ days ago,false,https://www.indeed.com/viewjob?jk=522c27639f57f85e&fccid=ec40e650131b4ee3&vjs=3
Bilingual Full Stack Engineer - Remote,Assurant,remote,  NET/C# or Ruby on Rails. Hands-on knowledge of version control systems such as Git. A continuous learning mindset that keeps you current on development best…,30+ days ago,false,https://www.indeed.com/viewjob?jk=c0c7585de15576f3&fccid=cc80d5313758adb1&vjs=3
Ruby on Rails Software Developer - Remote,Simplex,remote,  Ruby on Rails (If you currently work with other languages like Python  Java  etc that would be perfect). Are interested in working in a small  well funded and…,30+ days ago,true,https://www.indeed.com/pagead/clk?mo=r&ad=-6NYlbfkN0AKXGaiplK0NhmDwG5amTlm5UJ1uyQpTiT6b7Yfiq_d5IZF27rf16l0c-ZVOAEiLpPCaWLZ40O5CCqbnTQxo4pVN7DCs8NFGjocjhOUMRYZLv3rdClP3-nsyVw4NcB6k6RsxvijiRgg3M6o9PF-rorEsCyYdcSRFrlBQQjrHPU0Fss6OR05VqccFF42YJ60R5HMJG0RZIrG0d4q2mCRFAj71WhGquJQoohA7AwK8KWdLLT9lISv5UpjC-KsqEP6IjGH_wesxuGHJbpL13JBlPf0u1CeSvwBn0VFqJtn8Km3SnaiHpBy38ar4fQmL9ckMEGeKNR9DdUEzpl3plLJ2IpGwlWhC3szPiho5Uc-0m577Kdf6qt94UdcfXszrA-jnyQNgk756ArGw4fpp-2-PWfgZZuO6gFPoZc=&p=11&fvj=0&vjs=3
Ruby on Rails Software Architect - Remote,Simplex,remote,  Work directly on our consumer facing and enterprise products  testing and iterating on improvements that drive value.,30+ days ago,true,https://www.indeed.com/pagead/clk?mo=r&ad=-6NYlbfkN0AKXGaiplK0NhmDwG5amTlm5UJ1uyQpTiT6b7Yfiq_d5IZF27rf16l0c-ZVOAEiLpPCaWLZ40O5CBuI5_Urbhi0THNkcqkE-dxbpZJ82j7Dds_zD9elGiUphamBa3BqQLrC-7xnYKi3WcGBETNLQxbW1MXUW2M_nPBfFnx7eIpDDpqPjErhog3bbcc1E752-rgQaHh81W635C8rKsLHdq0Eb4ad7du3mrhhmzLdk44D1ynOyY5iNFrqAWcIRZhNgSIoiNdCgD2Nc9ereU6FeP75s39aYSOI4KhxVQf6ts19tCkiASSjcsukaksmR4b647Xg-H957mFkob7YuSXU5LFOFCSgDRiuzePIpHpppxuVJ03yXyzuQYllSD69YD1vmagIOIq575-I3QQ65LCBWd7Amqoj0F42dI0=&p=12&fvj=0&vjs=3
Full Stack Software Engineer - Remote (Ruby on Rails / React...,Simplex,remote,  Ruby on Rails (If you currently work with other languages like Python  Java  etc that would be perfect). Want to build user facing products that will transform…,30+ days ago,true,https://www.indeed.com/pagead/clk?mo=r&ad=-6NYlbfkN0AKXGaiplK0NhmDwG5amTlm5UJ1uyQpTiT6b7Yfiq_d5IZF27rf16l0c-ZVOAEiLpPCaWLZ40O5CLOHUvIttO2W4bapdh-vo7XJompeWJd-w7TngV_LE6QEip0OGjhVyr_ERLds_fGjc7aluV1tZgVAuc90v1Tm2Thsbxux2FQbPQUvOFgld2TAEbmyTaGCThYzsRVyXRdnOq1FmSNG9G2wiil0RR6rIoBp1h8sjiQ-sCz052ZdcevX_Ekeg4N5CmJCvOzQufsQAdPijRaA8AvzQ9pYiNwFBuNTnj0Rn-Y_yuNclRGzKoeTba1ockeEOjlTqsHXgnWHKMRqxR-RsZr-_bVPDfai2Bbd3AcQ2WZ-vP9bPpE5tppdAWDC7HDq3Cx_MARLHL-4BfwfZ7sL-fe1ROudHosNGG4=&p=13&fvj=0&vjs=3
Ruby on Rails developer (Remote - Non visa),Ness USA Inc,remote,  Ruby on rails: 5 years (Required). 5+ years of Ruby on Rails experience. Work with our amazing Quality Engineers as needed on automated testing.,30+ days ago,true,https://www.indeed.com/company/Ness-USA-Inc/jobs/Ruby-Rail-Developer-458d16d0c2d2d907?fccid=e775983eb6c4a9a7&vjs=3
Engineer I,Food52,remote,  Work on assigned tickets to build out new features or fix existing bugs. Experience with Ruby on Rails or a comparable back-end framework.,30+ days ago,false,https://www.indeed.com/viewjob?jk=14197e6f6526f4ff&fccid=fb1a5b18740bdea2&vjs=3
Software Engineer (Entry to Senior Levels),CAE Inc.,remote,  Experience writing Ruby on Rails. Report status on tasks and assignments. Software engineers will focus on web development using JavaScript and framework…,30+ days ago,false,https://www.indeed.com/viewjob?jk=ed9add23bb08a412&fccid=b839f9af280b111f&vjs=3
Ruby on Rails Developer,Hire Digital,remote,  Experience working with Ruby on Rails as well as libraries like Resque and RSpec. As Ruby on Rails developer  you should have extensive experience working with…,30+ days ago,true,https://www.indeed.com/viewjob?jk=8a9d1989c3f55781&fccid=bc4b5105d60ad222&vjs=3
Front End Engineer,Sensor Tower,remote,  A portfolio of live contributions on the web (e.g. GitHub or Stack Overflow) that demonstrate your passion for great design.,30+ days ago,false,https://www.indeed.com/viewjob?jk=d89c58b8fc2f563a&fccid=c659788ec6cc356e&vjs=3
Ruby on Rails Senior Site Reliability - Software Engineer,Grubhub Holdings  Inc.,remote,  Restaurant SRE group ensures that restaurants reliably receive and confirm orders so they can prepare food on time. Writing testable code in Java and Python.,30+ days ago,false,https://www.indeed.com/viewjob?jk=18dc080da5a8af47&fccid=12e41f7040f168e8&vjs=3
UX Designer,OMBULABS SOFTWARE BOUTIQUE,remote,  Join in on daily calls as needed. At least 1 year of experience on web development. Solid experience with Ruby and Ruby on Rails.,30+ days ago,false,https://www.indeed.com/viewjob?jk=d78ba0be170fbf2f&fccid=574d0752e63b42e2&vjs=3
Senior Site Reliability Engineer - Ruby on Rails,Grubhub Holdings  Inc.,remote,  Restaurant SRE group ensures that restaurants reliably receive and confirm orders so they can prepare food on time. Writing testable code in Java and Python.,30+ days ago,false,https://www.indeed.com/viewjob?jk=1f8bdb9bbb0aa6f3&fccid=12e41f7040f168e8&vjs=3
Software Engineer  Ruby/Rails,Red Canary,remote,  Are experienced with Ruby on Rails and other common libraries such as RSpec and Sidekiq. At Red Canary  we offer a very rich benefits program to our full-time…,30+ days ago,false,https://www.indeed.com/viewjob?jk=aff9fdb109ad0c6f&fccid=0c6b36bca9577b9a&vjs=3
Full Stack Software Engineer,Carbon3D,remote,  Experience with full-stack frameworks such as Ruby on Rails or Express/ Node as well as some experience with front-end development in React.,30+ days ago,false,https://www.indeed.com/viewjob?jk=85f6a4b9479b4704&fccid=61664d60bd37695b&vjs=3
Architect,Everlywell,remote,  Work directly on our consumer facing and enterprise products  testing and iterating on improvements that drive value.,30+ days ago,false,https://www.indeed.com/viewjob?jk=a5fc55a382b74fa5&fccid=1afe48403d127875&vjs=3
Full Stack Software Engineer,Barefoot Coders,remote,  We're looking for an experienced full-stack engineer  comfortable with various technologies and open to learning new ones on the fly.,30+ days ago,true,https://www.indeed.com/viewjob?jk=0a738d42bffdf40b&fccid=c4fcd023997ac326&vjs=3
Software Engineer,Mailprotector,remote,  Have designed  developed  and maintained large-scale Ruby on Rails production web apps. Your day to day will be spent writing and shipping code to shape a new…,30+ days ago,true,https://www.indeed.com/viewjob?jk=f49918a9479d19d4&fccid=e3de7331f9c3d196&vjs=3
Back End Engineer,BizzyCar  Inc.,remote,  Excellent understanding of Ruby on Rails and PostGres. Proficient knowledge of Ruby on Rails back-end programming language. Setup and administration of backups.,30+ days ago,true,https://www.indeed.com/viewjob?jk=92b72804d10c7514&fccid=4a5a495318805819&vjs=3
Lead Frontend Engineer,YvesBlue,remote,  Experience working alongside Ruby on Rails (or a similar server-side framework like Express or Django). Building workflow software to allow users to track…,30+ days ago,true,https://www.indeed.com/viewjob?jk=3514bea8571b0ce4&fccid=3a3b07098c1386f1&vjs=3
Full-Stack Mobile Developer,Make Directory Developers,remote,  Work remotely from your home or office! Ability to lead projects  and work with teams. Report updates to project managers.,30+ days ago,false,https://www.indeed.com/viewjob?jk=27dae4bd1fe082b1&fccid=8f0fbe05edf70603&vjs=3
Software Developer / Engineer,Eniac Systems,remote,  Implement new business functionality to meet business and customer requirements  identify and resolve software issues and determine proper resolution in a…,30+ days ago,false,https://www.indeed.com/viewjob?jk=e8b5eec244768099&fccid=a0ed8ac211fb22c1&vjs=3
Full Stack Developer,The Powerline Group,remote,  Production application experience with any JS application framework (React  Angular  Ember  Backbone  etc.). Knowledge and experience with Node.js.,30+ days ago,false,https://www.indeed.com/viewjob?jk=470c00aa06f17d0d&fccid=9df1e83adac21eb3&vjs=3
Ruby on Rails Developer,Hire Digital,remote,  Experience working with Ruby on Rails as well as libraries like Resque and RSpec. As Ruby on Rails developer  you should have extensive experience working with…,30+ days ago,true,https://www.indeed.com/viewjob?jk=8a9d1989c3f55781&fccid=bc4b5105d60ad222&vjs=3
Front End Engineer,Sensor Tower,remote,  A portfolio of live contributions on the web (e.g. GitHub or Stack Overflow) that demonstrate your passion for great design.,30+ days ago,false,https://www.indeed.com/viewjob?jk=d89c58b8fc2f563a&fccid=c659788ec6cc356e&vjs=3
Ruby on Rails Senior Site Reliability - Software Engineer,Grubhub Holdings  Inc.,remote,  Restaurant SRE group ensures that restaurants reliably receive and confirm orders so they can prepare food on time. Writing testable code in Java and Python.,30+ days ago,false,https://www.indeed.com/viewjob?jk=18dc080da5a8af47&fccid=12e41f7040f168e8&vjs=3
UX Designer,OMBULABS SOFTWARE BOUTIQUE,remote,  Join in on daily calls as needed. At least 1 year of experience on web development. Solid experience with Ruby and Ruby on Rails.,30+ days ago,false,https://www.indeed.com/viewjob?jk=d78ba0be170fbf2f&fccid=574d0752e63b42e2&vjs=3
Senior Site Reliability Engineer - Ruby on Rails,Grubhub Holdings  Inc.,remote,  Restaurant SRE group ensures that restaurants reliably receive and confirm orders so they can prepare food on time. Writing testable code in Java and Python.,30+ days ago,false,https://www.indeed.com/viewjob?jk=1f8bdb9bbb0aa6f3&fccid=12e41f7040f168e8&vjs=3
Software Engineer  Ruby/Rails,Red Canary,remote,  Are experienced with Ruby on Rails and other common libraries such as RSpec and Sidekiq. At Red Canary  we offer a very rich benefits program to our full-time…,30+ days ago,false,https://www.indeed.com/viewjob?jk=aff9fdb109ad0c6f&fccid=0c6b36bca9577b9a&vjs=3
Full Stack Software Engineer,Carbon3D,remote,  Experience with full-stack frameworks such as Ruby on Rails or Express/ Node as well as some experience with front-end development in React.,30+ days ago,false,https://www.indeed.com/viewjob?jk=85f6a4b9479b4704&fccid=61664d60bd37695b&vjs=3
Architect,Everlywell,remote,  Work directly on our consumer facing and enterprise products  testing and iterating on improvements that drive value.,30+ days ago,false,https://www.indeed.com/viewjob?jk=a5fc55a382b74fa5&fccid=1afe48403d127875&vjs=3
Full Stack Software Engineer,Barefoot Coders,remote,  We're looking for an experienced full-stack engineer  comfortable with various technologies and open to learning new ones on the fly.,30+ days ago,true,https://www.indeed.com/viewjob?jk=0a738d42bffdf40b&fccid=c4fcd023997ac326&vjs=3
Software Engineer,Mailprotector,remote,  Have designed  developed  and maintained large-scale Ruby on Rails production web apps. Your day to day will be spent writing and shipping code to shape a new…,30+ days ago,true,https://www.indeed.com/viewjob?jk=f49918a9479d19d4&fccid=e3de7331f9c3d196&vjs=3
Back End Engineer,BizzyCar  Inc.,remote,  Excellent understanding of Ruby on Rails and PostGres. Proficient knowledge of Ruby on Rails back-end programming language. Setup and administration of backups.,30+ days ago,true,https://www.indeed.com/viewjob?jk=92b72804d10c7514&fccid=4a5a495318805819&vjs=3
Lead Frontend Engineer,YvesBlue,remote,  Experience working alongside Ruby on Rails (or a similar server-side framework like Express or Django). Building workflow software to allow users to track…,30+ days ago,true,https://www.indeed.com/viewjob?jk=3514bea8571b0ce4&fccid=3a3b07098c1386f1&vjs=3
Full-Stack Mobile Developer,Make Directory Developers,remote,  Work remotely from your home or office! Ability to lead projects  and work with teams. Report updates to project managers.,30+ days ago,false,https://www.indeed.com/viewjob?jk=27dae4bd1fe082b1&fccid=8f0fbe05edf70603&vjs=3
Software Developer / Engineer,Eniac Systems,remote,  Implement new business functionality to meet business and customer requirements  identify and resolve software issues and determine proper resolution in a…,30+ days ago,false,https://www.indeed.com/viewjob?jk=e8b5eec244768099&fccid=a0ed8ac211fb22c1&vjs=3
Full Stack Developer,The Powerline Group,remote,  Production application experience with any JS application framework (React  Angular  Ember  Backbone  etc.). Knowledge and experience with Node.js.,30+ days ago,false,https://www.indeed.com/viewjob?jk=470c00aa06f17d0d&fccid=9df1e83adac21eb3&vjs=3
Ruby on Rails Developer,Hire Digital,remote,  Experience working with Ruby on Rails as well as libraries like Resque and RSpec. As Ruby on Rails developer  you should have extensive experience working with…,30+ days ago,true,https://www.indeed.com/viewjob?jk=8a9d1989c3f55781&fccid=bc4b5105d60ad222&vjs=3
Front End Engineer,Sensor Tower,remote,  A portfolio of live contributions on the web (e.g. GitHub or Stack Overflow) that demonstrate your passion for great design.,30+ days ago,false,https://www.indeed.com/viewjob?jk=d89c58b8fc2f563a&fccid=c659788ec6cc356e&vjs=3
Ruby on Rails Senior Site Reliability - Software Engineer,Grubhub Holdings  Inc.,remote,  Restaurant SRE group ensures that restaurants reliably receive and confirm orders so they can prepare food on time. Writing testable code in Java and Python.,30+ days ago,false,https://www.indeed.com/viewjob?jk=18dc080da5a8af47&fccid=12e41f7040f168e8&vjs=3
UX Designer,OMBULABS SOFTWARE BOUTIQUE,remote,  Join in on daily calls as needed. At least 1 year of experience on web development. Solid experience with Ruby and Ruby on Rails.,30+ days ago,false,https://www.indeed.com/viewjob?jk=d78ba0be170fbf2f&fccid=574d0752e63b42e2&vjs=3
Senior Site Reliability Engineer - Ruby on Rails,Grubhub Holdings  Inc.,remote,  Restaurant SRE group ensures that restaurants reliably receive and confirm orders so they can prepare food on time. Writing testable code in Java and Python.,30+ days ago,false,https://www.indeed.com/viewjob?jk=1f8bdb9bbb0aa6f3&fccid=12e41f7040f168e8&vjs=3
Software Engineer  Ruby/Rails,Red Canary,remote,  Are experienced with Ruby on Rails and other common libraries such as RSpec and Sidekiq. At Red Canary  we offer a very rich benefits program to our full-time…,30+ days ago,false,https://www.indeed.com/viewjob?jk=aff9fdb109ad0c6f&fccid=0c6b36bca9577b9a&vjs=3
Full Stack Software Engineer,Carbon3D,remote,  Experience with full-stack frameworks such as Ruby on Rails or Express/ Node as well as some experience with front-end development in React.,30+ days ago,false,https://www.indeed.com/viewjob?jk=85f6a4b9479b4704&fccid=61664d60bd37695b&vjs=3
Architect,Everlywell,remote,  Work directly on our consumer facing and enterprise products  testing and iterating on improvements that drive value.,30+ days ago,false,https://www.indeed.com/viewjob?jk=a5fc55a382b74fa5&fccid=1afe48403d127875&vjs=3
Full Stack Software Engineer,Barefoot Coders,remote,  We're looking for an experienced full-stack engineer  comfortable with various technologies and open to learning new ones on the fly.,30+ days ago,true,https://www.indeed.com/viewjob?jk=0a738d42bffdf40b&fccid=c4fcd023997ac326&vjs=3
Software Engineer,Mailprotector,remote,  Have designed  developed  and maintained large-scale Ruby on Rails production web apps. Your day to day will be spent writing and shipping code to shape a new…,30+ days ago,true,https://www.indeed.com/viewjob?jk=f49918a9479d19d4&fccid=e3de7331f9c3d196&vjs=3
Back End Engineer,BizzyCar  Inc.,remote,  Excellent understanding of Ruby on Rails and PostGres. Proficient knowledge of Ruby on Rails back-end programming language. Setup and administration of backups.,30+ days ago,true,https://www.indeed.com/viewjob?jk=92b72804d10c7514&fccid=4a5a495318805819&vjs=3
Lead Frontend Engineer,YvesBlue,remote,  Experience working alongside Ruby on Rails (or a similar server-side framework like Express or Django). Building workflow software to allow users to track…,30+ days ago,true,https://www.indeed.com/viewjob?jk=3514bea8571b0ce4&fccid=3a3b07098c1386f1&vjs=3
Full-Stack Mobile Developer,Make Directory Developers,remote,  Work remotely from your home or office! Ability to lead projects  and work with teams. Report updates to project managers.,30+ days ago,false,https://www.indeed.com/viewjob?jk=27dae4bd1fe082b1&fccid=8f0fbe05edf70603&vjs=3
Software Developer / Engineer,Eniac Systems,remote,  Implement new business functionality to meet business and customer requirements  identify and resolve software issues and determine proper resolution in a…,30+ days ago,false,https://www.indeed.com/viewjob?jk=e8b5eec244768099&fccid=a0ed8ac211fb22c1&vjs=3
Full Stack Developer,The Powerline Group,remote,  Production application experience with any JS application framework (React  Angular  Ember  Backbone  etc.). Knowledge and experience with Node.js.,30+ days ago,false,https://www.indeed.com/viewjob?jk=470c00aa06f17d0d&fccid=9df1e83adac21eb3&vjs=3
Ruby on Rails Developer,Hire Digital,remote,  Experience working with Ruby on Rails as well as libraries like Resque and RSpec. As Ruby on Rails developer  you should have extensive experience working with…,30+ days ago,true,https://www.indeed.com/viewjob?jk=8a9d1989c3f55781&fccid=bc4b5105d60ad222&vjs=3
Front End Engineer,Sensor Tower,remote,  A portfolio of live contributions on the web (e.g. GitHub or Stack Overflow) that demonstrate your passion for great design.,30+ days ago,false,https://www.indeed.com/viewjob?jk=d89c58b8fc2f563a&fccid=c659788ec6cc356e&vjs=3
Ruby on Rails Senior Site Reliability - Software Engineer,Grubhub Holdings  Inc.,remote,  Restaurant SRE group ensures that restaurants reliably receive and confirm orders so they can prepare food on time. Writing testable code in Java and Python.,30+ days ago,false,https://www.indeed.com/viewjob?jk=18dc080da5a8af47&fccid=12e41f7040f168e8&vjs=3
UX Designer,OMBULABS SOFTWARE BOUTIQUE,remote,  Join in on daily calls as needed. At least 1 year of experience on web development. Solid experience with Ruby and Ruby on Rails.,30+ days ago,false,https://www.indeed.com/viewjob?jk=d78ba0be170fbf2f&fccid=574d0752e63b42e2&vjs=3
Senior Site Reliability Engineer - Ruby on Rails,Grubhub Holdings  Inc.,remote,  Restaurant SRE group ensures that restaurants reliably receive and confirm orders so they can prepare food on time. Writing testable code in Java and Python.,30+ days ago,false,https://www.indeed.com/viewjob?jk=1f8bdb9bbb0aa6f3&fccid=12e41f7040f168e8&vjs=3
Software Engineer  Ruby/Rails,Red Canary,remote,  Are experienced with Ruby on Rails and other common libraries such as RSpec and Sidekiq. At Red Canary  we offer a very rich benefits program to our full-time…,30+ days ago,false,https://www.indeed.com/viewjob?jk=aff9fdb109ad0c6f&fccid=0c6b36bca9577b9a&vjs=3
Full Stack Software Engineer,Carbon3D,remote,  Experience with full-stack frameworks such as Ruby on Rails or Express/ Node as well as some experience with front-end development in React.,30+ days ago,false,https://www.indeed.com/viewjob?jk=85f6a4b9479b4704&fccid=61664d60bd37695b&vjs=3
Architect,Everlywell,remote,  Work directly on our consumer facing and enterprise products  testing and iterating on improvements that drive value.,30+ days ago,false,https://www.indeed.com/viewjob?jk=a5fc55a382b74fa5&fccid=1afe48403d127875&vjs=3
Full Stack Software Engineer,Barefoot Coders,remote,  We're looking for an experienced full-stack engineer  comfortable with various technologies and open to learning new ones on the fly.,30+ days ago,true,https://www.indeed.com/viewjob?jk=0a738d42bffdf40b&fccid=c4fcd023997ac326&vjs=3
Software Engineer,Mailprotector,remote,  Have designed  developed  and maintained large-scale Ruby on Rails production web apps. Your day to day will be spent writing and shipping code to shape a new…,30+ days ago,true,https://www.indeed.com/viewjob?jk=f49918a9479d19d4&fccid=e3de7331f9c3d196&vjs=3
Back End Engineer,BizzyCar  Inc.,remote,  Excellent understanding of Ruby on Rails and PostGres. Proficient knowledge of Ruby on Rails back-end programming language. Setup and administration of backups.,30+ days ago,true,https://www.indeed.com/viewjob?jk=92b72804d10c7514&fccid=4a5a495318805819&vjs=3
Lead Frontend Engineer,YvesBlue,remote,  Experience working alongside Ruby on Rails (or a similar server-side framework like Express or Django). Building workflow software to allow users to track…,30+ days ago,true,https://www.indeed.com/viewjob?jk=3514bea8571b0ce4&fccid=3a3b07098c1386f1&vjs=3
Full-Stack Mobile Developer,Make Directory Developers,remote,  Work remotely from your home or office! Ability to lead projects  and work with teams. Report updates to project managers.,30+ days ago,false,https://www.indeed.com/viewjob?jk=27dae4bd1fe082b1&fccid=8f0fbe05edf70603&vjs=3
Software Developer / Engineer,Eniac Systems,remote,  Implement new business functionality to meet business and customer requirements  identify and resolve software issues and determine proper resolution in a…,30+ days ago,false,https://www.indeed.com/viewjob?jk=e8b5eec244768099&fccid=a0ed8ac211fb22c1&vjs=3
Software Engineer II (Java),Fearless,remote,  Experience with Go  Java 8+ (w/Spring)  React  Javascript ES6+  Ruby on Rails  or other similar languages/frameworks. Travel may be required 1 time per month.,Just posted,true,https://www.indeed.com/viewjob?jk=c99ddf95e5598985&fccid=b8aaf191c532bb48&vjs=3